student_id,name,age,gender,location,program,term,coding_score,math_score,enrollment_date,attendance_percent
S0001,Danielle,17,Male,Pune,Math Explorers,Q2-2024,54,48,2023-05-08,83.62
S0002,Judith,12,Male,Pune,Coding Advanced,Q2-2024,72,78,2023-10-26,88.64
S0003,Jeffrey,17,Other,Bengaluru,Coding Advanced,Q4-2024,77,57,2024-11-11,87.93
S0004,Curtis,14,Female,Mumbai,Coding Advanced,Q3-2024,46,45,2024-11-14,74.36
S0005,Patricia,14,Other,Delhi,Coding Basics,Q4-2024,74,47,2023-06-25,82.08
S0006,Brittany,18,Other,Hyderabad,Math Explorers,Q2-2024,85,44,2023-05-13,90.92
S0007,Anthony,12,Male,Pune,Science Club,Q3-2024,69,80,2023-10-05,74.81
S0008,Jesse,13,Other,Delhi,Coding Basics,Q2-2024,74,86,2024-07-29,78.49
S0009,Anthony,14,Other,Hyderabad,Coding Advanced,Q3-2024,93,89,2023-09-20,92.87
S0010,Jennifer,18,Female,Bengaluru,Math Explorers,Q1-2024,53,98,2024-10-14,86.22
S0011,Amy,15,Other,Bengaluru,Coding Advanced,Q3-2024,48,55,2023-10-07,95.91
S0012,Shane,15,Female,Mumbai,Coding Advanced,Q4-2024,45,88,2023-11-21,66.11
S0013,Lisa,13,Other,Bengaluru,Coding Basics,Q4-2024,64,78,2023-04-24,98.84
S0014,Katherine,18,Male,Pune,Math Explorers,Q3-2024,47,58,2023-08-21,78.15
S0015,Helen,17,Other,Delhi,Coding Advanced,Q1-2024,95,80,2024-01-08,66.11
S0016,Joshua,18,Male,Hyderabad,Coding Basics,Q3-2024,71,41,2023-10-03,95.15
S0017,Susan,18,Female,Mumbai,Coding Basics,Q2-2024,96,76,2024-01-05,89.28
S0018,Curtis,18,Male,Hyderabad,Coding Advanced,Q2-2024,82,70,2024-02-08,81.11
S0019,Colin,16,Female,Mumbai,Coding Advanced,Q3-2024,65,82,2025-02-05,95.98
S0020,Maurice,15,Male,Mumbai,Coding Advanced,Q1-2024,61,41,2023-11-10,60.29
S0021,Lindsay,17,Other,Pune,Coding Advanced,Q1-2024,97,42,2024-11-05,80.57
S0022,Stephen,14,Other,Bengaluru,Coding Advanced,Q2-2024,86,99,2023-07-24,91.38
S0023,Teresa,18,Female,Mumbai,Coding Basics,Q1-2024,82,67,2024-02-07,76.44
S0024,Christian,18,Other,Pune,Coding Basics,Q1-2024,65,86,2023-12-02,69.95
S0025,Maria,13,Other,Bengaluru,Coding Advanced,Q4-2024,51,57,2024-08-11,94.98
S0026,Nicole,12,Female,Hyderabad,Coding Basics,Q1-2024,81,74,2024-01-24,97.05
S0027,Barbara,18,Male,Mumbai,Science Club,Q4-2024,70,53,2024-10-17,66.59
S0028,Chad,12,Female,Delhi,Science Club,Q3-2024,67,84,2024-09-13,67.6
S0029,Jeremy,13,Male,Hyderabad,Coding Basics,Q3-2024,43,43,2023-11-29,62.28
S0030,Tracie,16,Male,Mumbai,Coding Basics,Q1-2024,83,95,2025-02-11,64.8
S0031,Jesse,16,Male,Hyderabad,Coding Basics,Q1-2024,66,82,2023-07-06,68.17
S0032,Norman,17,Female,Mumbai,Math Explorers,Q4-2024,48,82,2024-04-05,72.65
S0033,Cynthia,18,Male,Pune,Science Club,Q1-2024,44,74,2024-01-27,65.3
S0034,Francisco,14,Male,Mumbai,Math Explorers,Q3-2024,50,68,2024-01-19,86.71
S0035,Jason,16,Female,Pune,Coding Advanced,Q3-2024,47,96,2023-11-12,70.89
S0036,Jacqueline,16,Male,Delhi,Coding Advanced,Q3-2024,72,71,2024-09-30,63.69
S0037,Deborah,15,Female,Pune,Coding Basics,Q3-2024,89,48,2024-08-04,89.65
S0038,Cynthia,16,Other,Bengaluru,Coding Basics,Q1-2024,44,100,2024-06-06,93.38
S0039,Jessica,16,Other,Mumbai,Science Club,Q2-2024,42,59,2023-08-23,95.96
S0040,Steven,13,Other,Mumbai,Coding Basics,Q3-2024,89,75,2023-11-14,97.03
S0041,Veronica,13,Male,Mumbai,Science Club,Q1-2024,51,87,2024-08-28,92.09
S0042,Hailey,18,Other,Mumbai,Math Explorers,Q2-2024,90,84,2023-10-06,94.89
S0043,Gabrielle,18,Female,Mumbai,Coding Advanced,Q4-2024,62,59,2025-02-01,60.95
S0044,Kayla,13,Female,Delhi,Math Explorers,Q1-2024,89,57,2023-06-01,87.18
S0045,Jeremy,18,Other,Delhi,Coding Basics,Q1-2024,96,56,2023-05-13,61.53
S0046,Linda,16,Female,Delhi,Math Explorers,Q4-2024,78,72,2024-02-24,95.98
S0047,Joseph,13,Female,Pune,Science Club,Q1-2024,73,99,2023-09-29,77.25
S0048,Robin,17,Female,Hyderabad,Math Explorers,Q1-2024,86,97,2024-07-02,86.68
S0049,Nancy,14,Female,Delhi,Coding Advanced,Q2-2024,66,82,2023-12-19,84.62
S0050,Jason,14,Female,Hyderabad,Coding Basics,Q3-2024,58,53,2024-05-10,78.6
S0051,Randall,15,Other,Mumbai,Science Club,Q2-2024,82,45,2025-03-29,63.74
S0052,Dawn,18,Male,Delhi,Coding Advanced,Q2-2024,49,41,2023-08-07,99.36
S0053,Joseph,16,Male,Bengaluru,Science Club,Q2-2024,85,84,2023-10-27,75.99
S0054,Julie,13,Other,Pune,Coding Basics,Q4-2024,54,51,2024-06-10,82.3
S0055,Jose,18,Male,Bengaluru,Coding Advanced,Q4-2024,82,73,2024-07-16,84.51
S0056,Ross,17,Other,Bengaluru,Science Club,Q2-2024,87,95,2024-07-15,70.37
S0057,Reginald,13,Other,Delhi,Science Club,Q2-2024,57,68,2023-10-06,69.38
S0058,Wendy,14,Female,Hyderabad,Coding Basics,Q2-2024,49,54,2023-08-04,88.26
S0059,William,12,Female,Bengaluru,Math Explorers,Q4-2024,66,43,2023-06-28,75.58
S0060,Katelyn,18,Other,Pune,Science Club,Q4-2024,40,100,2025-02-15,90.14
S0061,Daniel,18,Female,Hyderabad,Coding Advanced,Q4-2024,54,57,2024-08-18,61.16
S0062,Ernest,14,Other,Bengaluru,Coding Advanced,Q4-2024,98,48,2024-09-28,83.68
S0063,Robert,17,Male,Pune,Science Club,Q2-2024,95,69,2023-06-07,70.41
S0064,Paul,14,Male,Bengaluru,Math Explorers,Q3-2024,88,96,2024-07-24,90.08
S0065,Wendy,18,Female,Delhi,Coding Basics,Q4-2024,41,87,2024-06-02,68.97
S0066,John,12,Other,Pune,Coding Basics,Q2-2024,52,93,2024-06-21,69.54
S0067,Michelle,15,Other,Pune,Coding Advanced,Q4-2024,84,56,2023-04-27,84.24
S0068,Erin,17,Other,Pune,Coding Advanced,Q3-2024,46,77,2023-07-16,83.03
S0069,Erin,15,Female,Mumbai,Coding Basics,Q2-2024,46,84,2024-06-09,91.85
S0070,Karen,16,Male,Delhi,Science Club,Q3-2024,44,72,2024-12-05,93.98
S0071,Danielle,18,Female,Pune,Science Club,Q3-2024,80,97,2023-07-14,77.42
S0072,Kelly,17,Other,Delhi,Science Club,Q4-2024,67,92,2023-08-19,94.07
S0073,Shawn,18,Male,Delhi,Science Club,Q2-2024,88,69,2024-10-30,61.15
S0074,Nancy,18,Female,Mumbai,Science Club,Q2-2024,62,91,2023-11-09,71.19
S0075,Teresa,16,Other,Delhi,Coding Basics,Q2-2024,45,55,2024-11-30,82.21
S0076,Guy,13,Other,Bengaluru,Science Club,Q4-2024,90,41,2025-03-27,68.86
S0077,Daniel,17,Male,Delhi,Math Explorers,Q4-2024,75,73,2024-08-16,99.87
S0078,Kenneth,16,Female,Delhi,Science Club,Q3-2024,59,56,2024-08-27,88.85
S0079,William,14,Male,Hyderabad,Coding Advanced,Q2-2024,53,87,2023-09-20,88.98
S0080,Eric,18,Other,Hyderabad,Math Explorers,Q1-2024,93,52,2024-12-01,74.44
S0081,Evan,14,Male,Hyderabad,Coding Advanced,Q3-2024,42,43,2024-12-13,85.51
S0082,Sandra,18,Female,Pune,Coding Basics,Q3-2024,70,70,2025-04-01,67.37
S0083,Aaron,12,Female,Bengaluru,Coding Basics,Q1-2024,65,71,2023-12-26,66.07
S0084,Tracy,18,Other,Delhi,Coding Basics,Q2-2024,47,75,2023-07-14,91.03
S0085,Sarah,15,Female,Bengaluru,Math Explorers,Q4-2024,59,76,2025-03-01,97.9
S0086,Tricia,13,Other,Mumbai,Math Explorers,Q1-2024,50,55,2025-01-04,66.26
S0087,Kyle,15,Female,Hyderabad,Science Club,Q3-2024,42,54,2023-06-02,88.12
S0088,John,15,Male,Mumbai,Math Explorers,Q2-2024,67,47,2024-07-02,96.34
S0089,Stacey,18,Male,Pune,Coding Basics,Q2-2024,90,59,2023-06-24,64.97
S0090,Jessica,17,Female,Bengaluru,Math Explorers,Q4-2024,68,45,2025-01-11,89.38
S0091,Chad,16,Female,Pune,Coding Basics,Q2-2024,83,93,2024-11-29,83.05
S0092,Amanda,18,Male,Bengaluru,Science Club,Q3-2024,51,77,2023-07-25,98.76
S0093,David,15,Female,Bengaluru,Math Explorers,Q3-2024,82,46,2024-04-22,76.47
S0094,Stacey,15,Female,Bengaluru,Coding Basics,Q4-2024,45,60,2023-08-25,64.64
S0095,Joseph,18,Female,Hyderabad,Coding Basics,Q4-2024,66,43,2025-02-24,84.91
S0096,Catherine,15,Other,Bengaluru,Coding Basics,Q2-2024,57,75,2023-09-30,77.52
S0097,Sarah,17,Female,Pune,Coding Basics,Q2-2024,85,50,2024-11-25,82.09
S0098,Jessica,12,Male,Pune,Science Club,Q1-2024,81,93,2023-09-22,97.31
S0099,Jennifer,14,Other,Delhi,Science Club,Q4-2024,70,55,2024-02-22,75.34
S0100,Wanda,16,Other,Mumbai,Coding Basics,Q3-2024,89,90,2024-09-04,97.37
S0101,Nathaniel,16,Female,Pune,Math Explorers,Q3-2024,93,77,2025-03-17,77.86
S0102,Zachary,15,Female,Delhi,Science Club,Q4-2024,99,60,2023-07-21,82.87
S0103,John,13,Female,Pune,Math Explorers,Q4-2024,85,98,2023-06-07,99.54
S0104,Matthew,18,Other,Mumbai,Science Club,Q1-2024,48,72,2024-07-18,94.97
S0105,Angela,15,Male,Hyderabad,Science Club,Q1-2024,86,49,2024-07-19,62.99
S0106,Jeffrey,18,Female,Delhi,Science Club,Q1-2024,94,61,2023-06-13,85.07
S0107,Jean,18,Female,Hyderabad,Coding Basics,Q1-2024,55,80,2023-06-03,89.87
S0108,Jeremy,15,Male,Pune,Science Club,Q2-2024,84,59,2025-03-22,72.97
S0109,Anthony,12,Female,Delhi,Math Explorers,Q4-2024,49,55,2023-12-31,66.8
S0110,Chad,12,Other,Bengaluru,Coding Advanced,Q4-2024,98,77,2023-10-20,78.45
S0111,Joshua,14,Female,Delhi,Coding Basics,Q4-2024,97,58,2024-04-30,77.67
S0112,Jason,14,Other,Delhi,Science Club,Q3-2024,69,94,2023-07-30,99.97
S0113,Jennifer,18,Female,Pune,Coding Advanced,Q4-2024,76,62,2025-03-04,60.88
S0114,Ashley,18,Other,Bengaluru,Math Explorers,Q1-2024,76,95,2024-04-20,93.31
S0115,John,14,Male,Hyderabad,Math Explorers,Q2-2024,80,52,2024-04-20,85.13
S0116,Lindsey,17,Other,Pune,Math Explorers,Q4-2024,42,77,2023-09-13,63.61
S0117,Clinton,14,Female,Bengaluru,Coding Advanced,Q2-2024,48,90,2024-09-11,93.22
S0118,Ryan,14,Female,Delhi,Math Explorers,Q1-2024,69,44,2024-03-13,94.41
S0119,Robert,17,Other,Bengaluru,Math Explorers,Q1-2024,90,65,2025-02-17,81.46
S0120,Jessica,15,Female,Delhi,Science Club,Q3-2024,46,83,2024-09-23,61.0
S0121,Denise,16,Female,Hyderabad,Coding Advanced,Q1-2024,80,92,2024-09-01,85.97
S0122,Corey,12,Male,Pune,Coding Basics,Q3-2024,71,47,2024-02-25,95.49
S0123,Jessica,13,Female,Bengaluru,Math Explorers,Q4-2024,77,87,2024-12-30,86.2
S0124,Michelle,18,Female,Hyderabad,Science Club,Q3-2024,42,84,2023-10-29,77.74
S0125,James,13,Female,Pune,Math Explorers,Q3-2024,43,65,2024-06-08,98.73
S0126,Shane,18,Female,Pune,Coding Advanced,Q1-2024,43,90,2024-03-11,99.55
S0127,Isaiah,18,Other,Mumbai,Coding Basics,Q2-2024,77,53,2024-04-12,90.97
S0128,John,18,Other,Pune,Math Explorers,Q2-2024,48,74,2025-04-05,64.4
S0129,Charles,18,Male,Mumbai,Coding Basics,Q3-2024,90,90,2025-01-05,60.63
S0130,Michelle,14,Male,Mumbai,Science Club,Q1-2024,87,44,2024-06-19,91.12
S0131,Corey,16,Other,Pune,Science Club,Q2-2024,100,79,2024-09-06,78.32
S0132,Yvette,12,Male,Bengaluru,Science Club,Q4-2024,83,46,2025-01-27,62.94
S0133,Alexis,12,Female,Hyderabad,Coding Advanced,Q1-2024,48,57,2023-06-30,99.79
S0134,Sara,16,Female,Bengaluru,Science Club,Q1-2024,90,84,2025-02-06,77.2
S0135,Joel,13,Female,Delhi,Science Club,Q4-2024,66,86,2024-02-28,77.07
S0136,Todd,17,Female,Delhi,Coding Advanced,Q4-2024,44,45,2023-10-02,77.28
S0137,Michelle,17,Other,Delhi,Coding Advanced,Q1-2024,77,75,2025-03-19,76.43
S0138,Brian,18,Other,Bengaluru,Coding Basics,Q3-2024,78,59,2024-02-07,83.12
S0139,Aaron,13,Male,Bengaluru,Coding Advanced,Q1-2024,62,94,2024-02-16,90.5
S0140,Joseph,16,Male,Bengaluru,Coding Basics,Q3-2024,41,51,2024-12-18,96.86
S0141,Kristen,14,Male,Mumbai,Coding Advanced,Q4-2024,44,49,2023-11-26,89.84
S0142,Rodney,13,Female,Bengaluru,Science Club,Q3-2024,50,63,2024-11-06,91.07
S0143,Wendy,16,Other,Pune,Coding Basics,Q2-2024,50,88,2024-06-23,70.88
S0144,Dorothy,17,Female,Bengaluru,Science Club,Q4-2024,57,53,2024-05-01,77.2
S0145,Eric,14,Other,Hyderabad,Science Club,Q3-2024,42,54,2023-12-05,60.31
S0146,Jeff,14,Male,Mumbai,Math Explorers,Q3-2024,60,47,2023-06-03,89.88
S0147,Beth,13,Male,Bengaluru,Coding Advanced,Q3-2024,44,65,2024-06-13,60.75
S0148,Bruce,12,Female,Hyderabad,Science Club,Q4-2024,85,80,2023-12-18,64.61
S0149,Brian,12,Female,Mumbai,Science Club,Q3-2024,45,67,2024-07-15,77.43
S0150,Thomas,15,Other,Pune,Science Club,Q3-2024,87,61,2025-04-02,91.16
S0151,Melissa,12,Other,Pune,Coding Advanced,Q3-2024,62,86,2023-08-19,64.11
S0152,Brian,14,Male,Mumbai,Coding Advanced,Q1-2024,51,100,2024-05-17,90.18
S0153,Christopher,18,Other,Bengaluru,Math Explorers,Q3-2024,49,68,2023-09-10,77.69
S0154,Casey,14,Female,Hyderabad,Coding Basics,Q3-2024,72,44,2023-06-10,78.08
S0155,Emma,12,Female,Delhi,Coding Basics,Q1-2024,79,78,2023-10-18,83.21
S0156,Richard,18,Other,Pune,Science Club,Q2-2024,60,78,2025-03-10,98.31
S0157,Ashley,15,Male,Delhi,Coding Basics,Q2-2024,42,55,2024-07-11,80.96
S0158,Brooke,16,Male,Delhi,Math Explorers,Q3-2024,64,66,2024-08-12,91.57
S0159,Christopher,17,Female,Pune,Math Explorers,Q1-2024,75,83,2024-09-10,70.08
S0160,Brandy,18,Other,Hyderabad,Coding Advanced,Q3-2024,45,77,2024-05-29,72.41
S0161,Leslie,17,Other,Bengaluru,Coding Advanced,Q1-2024,59,75,2023-11-07,92.53
S0162,James,17,Other,Hyderabad,Coding Basics,Q4-2024,72,63,2024-10-26,72.35
S0163,Leon,13,Female,Bengaluru,Coding Advanced,Q2-2024,48,49,2023-11-11,93.78
S0164,Randy,12,Other,Hyderabad,Coding Basics,Q3-2024,96,89,2024-09-21,66.17
S0165,Debbie,13,Other,Hyderabad,Coding Advanced,Q4-2024,42,66,2024-04-08,98.78
S0166,Leslie,16,Female,Bengaluru,Coding Advanced,Q2-2024,59,91,2024-11-22,74.71
S0167,Shari,16,Female,Bengaluru,Math Explorers,Q4-2024,72,73,2023-04-26,92.68
S0168,Stephen,18,Other,Mumbai,Math Explorers,Q1-2024,81,70,2024-06-29,88.46
S0169,Wendy,16,Male,Delhi,Coding Basics,Q2-2024,57,68,2023-06-14,63.67
S0170,Amanda,13,Female,Delhi,Coding Basics,Q4-2024,43,65,2024-05-15,75.45
S0171,Joseph,12,Female,Mumbai,Coding Basics,Q3-2024,99,46,2025-04-12,65.5
S0172,Michael,14,Female,Mumbai,Science Club,Q4-2024,79,40,2023-06-11,70.24
S0173,Natasha,18,Male,Hyderabad,Science Club,Q1-2024,89,58,2024-01-31,64.87
S0174,Justin,13,Female,Hyderabad,Science Club,Q1-2024,47,93,2024-03-24,85.28
S0175,Martha,16,Male,Mumbai,Math Explorers,Q4-2024,40,79,2024-10-16,82.83
S0176,Kevin,13,Other,Pune,Math Explorers,Q1-2024,73,74,2025-01-04,94.93
S0177,Destiny,12,Other,Bengaluru,Math Explorers,Q3-2024,87,41,2023-04-25,73.79
S0178,Elizabeth,17,Other,Pune,Math Explorers,Q2-2024,42,62,2024-06-22,93.22
S0179,Kevin,17,Female,Bengaluru,Coding Advanced,Q2-2024,44,85,2024-09-15,71.74
S0180,Dale,12,Male,Pune,Math Explorers,Q3-2024,72,65,2025-03-01,61.46
S0181,Dennis,17,Male,Delhi,Math Explorers,Q1-2024,95,81,2023-07-17,64.98
S0182,Pamela,14,Female,Bengaluru,Science Club,Q4-2024,61,51,2024-11-15,74.69
S0183,Angela,18,Other,Delhi,Coding Basics,Q4-2024,45,67,2023-11-16,72.85
S0184,Juan,12,Female,Delhi,Math Explorers,Q4-2024,78,85,2023-09-29,87.59
S0185,Jennifer,14,Female,Pune,Math Explorers,Q4-2024,57,80,2023-09-24,86.85
S0186,Grace,15,Female,Hyderabad,Coding Advanced,Q1-2024,49,94,2025-02-09,65.05
S0187,Joseph,13,Other,Delhi,Math Explorers,Q4-2024,100,76,2024-05-02,87.16
S0188,John,14,Female,Bengaluru,Coding Basics,Q2-2024,73,63,2025-03-24,85.98
S0189,Meghan,13,Male,Pune,Coding Advanced,Q4-2024,73,64,2023-06-29,91.0
S0190,Cynthia,17,Female,Mumbai,Math Explorers,Q4-2024,52,47,2025-01-22,78.08
S0191,Joshua,17,Female,Pune,Math Explorers,Q3-2024,85,44,2023-04-21,94.05
S0192,Matthew,17,Other,Mumbai,Math Explorers,Q2-2024,47,52,2023-07-29,91.61
S0193,Dana,12,Female,Hyderabad,Math Explorers,Q4-2024,91,75,2023-11-08,62.63
S0194,Evan,15,Other,Bengaluru,Science Club,Q4-2024,92,76,2024-03-27,98.9
S0195,Andrea,17,Male,Bengaluru,Science Club,Q3-2024,48,96,2024-03-16,77.3
S0196,Ann,18,Male,Pune,Coding Advanced,Q3-2024,50,50,2023-07-14,73.84
S0197,Charles,16,Female,Pune,Math Explorers,Q2-2024,80,75,2025-03-04,85.0
S0198,Hannah,16,Other,Pune,Coding Advanced,Q2-2024,50,82,2023-08-12,93.01
S0199,Amy,12,Male,Pune,Math Explorers,Q2-2024,89,76,2025-01-26,79.92
S0200,Mike,17,Other,Delhi,Math Explorers,Q4-2024,55,91,2024-06-21,78.14
S0201,Earl,17,Male,Mumbai,Science Club,Q4-2024,70,69,2023-07-26,84.27
S0202,Bobby,14,Other,Delhi,Math Explorers,Q4-2024,48,88,2024-01-27,72.76
S0203,Rachel,15,Male,Delhi,Science Club,Q2-2024,49,46,2024-12-27,97.82
S0204,Teresa,18,Other,Bengaluru,Coding Advanced,Q2-2024,92,60,2023-05-19,90.52
S0205,Rachel,15,Other,Bengaluru,Science Club,Q3-2024,71,41,2023-09-29,80.22
S0206,Evelyn,13,Male,Hyderabad,Math Explorers,Q1-2024,43,58,2024-09-18,71.43
S0207,Curtis,12,Male,Bengaluru,Coding Advanced,Q3-2024,86,63,2024-12-14,61.81
S0208,Anita,12,Other,Hyderabad,Coding Advanced,Q3-2024,75,58,2025-02-26,80.17
S0209,Richard,18,Other,Delhi,Coding Basics,Q2-2024,46,65,2024-08-13,82.31
S0210,Kara,14,Male,Mumbai,Science Club,Q1-2024,42,42,2025-04-07,92.16
S0211,Sarah,16,Female,Mumbai,Coding Advanced,Q3-2024,99,79,2025-02-18,75.72
S0212,Francisco,16,Other,Delhi,Math Explorers,Q4-2024,85,76,2024-12-30,92.63
S0213,Lisa,14,Female,Pune,Science Club,Q3-2024,90,97,2025-03-03,70.62
S0214,Robert,17,Other,Hyderabad,Coding Advanced,Q1-2024,77,70,2023-09-05,65.91
S0215,Jill,17,Male,Pune,Coding Basics,Q2-2024,41,68,2024-01-02,66.06
S0216,Kimberly,17,Male,Bengaluru,Science Club,Q1-2024,85,48,2024-03-03,99.92
S0217,Leah,15,Other,Bengaluru,Math Explorers,Q2-2024,69,98,2025-02-18,87.03
S0218,Jill,18,Other,Delhi,Science Club,Q2-2024,55,57,2023-10-28,97.66
S0219,Joseph,14,Female,Mumbai,Science Club,Q3-2024,70,62,2024-12-20,64.87
S0220,Jacqueline,17,Other,Bengaluru,Science Club,Q3-2024,89,91,2024-02-10,61.68
S0221,Monica,17,Male,Delhi,Science Club,Q3-2024,87,70,2025-02-13,93.12
S0222,Thomas,14,Other,Delhi,Coding Advanced,Q1-2024,79,87,2023-09-21,62.03
S0223,Lisa,16,Male,Mumbai,Coding Basics,Q1-2024,66,61,2024-04-10,87.25
S0224,Michael,13,Male,Hyderabad,Coding Advanced,Q4-2024,81,99,2025-01-15,86.02
S0225,Laura,18,Female,Delhi,Math Explorers,Q1-2024,98,89,2023-10-12,81.41
S0226,Jeffrey,17,Male,Mumbai,Science Club,Q2-2024,99,98,2024-09-12,91.52
S0227,James,13,Other,Delhi,Coding Basics,Q1-2024,59,76,2023-12-29,71.38
S0228,Joshua,17,Other,Hyderabad,Science Club,Q2-2024,94,72,2023-06-11,67.71
S0229,Tammy,12,Female,Mumbai,Science Club,Q3-2024,85,51,2023-11-21,91.63
S0230,Michael,16,Other,Mumbai,Coding Advanced,Q4-2024,92,67,2024-05-18,76.03
S0231,Ricardo,12,Male,Mumbai,Science Club,Q3-2024,99,55,2025-02-02,75.34
S0232,Amanda,15,Female,Delhi,Math Explorers,Q1-2024,56,81,2025-04-17,62.48
S0233,Anthony,12,Female,Delhi,Coding Advanced,Q4-2024,83,72,2025-02-28,85.55
S0234,Tara,14,Female,Hyderabad,Coding Advanced,Q2-2024,48,70,2023-09-04,89.91
S0235,Beverly,16,Female,Bengaluru,Science Club,Q2-2024,88,55,2023-11-11,81.13
S0236,Benjamin,14,Male,Hyderabad,Coding Basics,Q1-2024,93,75,2024-07-25,66.58
S0237,Ryan,18,Other,Bengaluru,Coding Basics,Q2-2024,85,77,2024-11-04,95.96
S0238,Kristin,15,Male,Bengaluru,Coding Advanced,Q4-2024,69,76,2024-03-22,86.91
S0239,Catherine,14,Other,Pune,Science Club,Q3-2024,92,40,2024-05-20,61.81
S0240,Darrell,14,Other,Pune,Coding Basics,Q1-2024,99,70,2025-03-17,76.35
S0241,Barbara,18,Male,Bengaluru,Math Explorers,Q4-2024,68,95,2023-11-02,63.21
S0242,Bradley,17,Other,Mumbai,Math Explorers,Q1-2024,51,74,2024-03-22,89.11
S0243,Aaron,13,Male,Pune,Math Explorers,Q4-2024,83,86,2025-04-06,92.93
S0244,Lindsay,13,Female,Delhi,Coding Advanced,Q3-2024,52,99,2024-10-03,92.38
S0245,Jennifer,15,Other,Pune,Coding Advanced,Q2-2024,44,46,2024-11-15,83.91
S0246,Jillian,17,Male,Mumbai,Coding Basics,Q4-2024,68,54,2023-09-19,65.61
S0247,Michael,14,Male,Hyderabad,Math Explorers,Q3-2024,55,59,2023-06-12,76.54
S0248,Stacy,14,Male,Hyderabad,Coding Advanced,Q4-2024,75,71,2025-04-03,97.66
S0249,Mark,17,Female,Hyderabad,Math Explorers,Q4-2024,66,49,2023-12-18,67.36
S0250,Elizabeth,16,Female,Mumbai,Coding Advanced,Q3-2024,94,85,2023-07-24,96.59
S0251,Jennifer,16,Female,Bengaluru,Coding Advanced,Q4-2024,55,56,2023-12-08,85.87
S0252,William,15,Female,Pune,Coding Advanced,Q1-2024,57,64,2024-09-17,67.53
S0253,Ricky,18,Other,Hyderabad,Coding Advanced,Q4-2024,53,95,2024-02-25,98.28
S0254,Heidi,12,Male,Mumbai,Coding Basics,Q4-2024,98,55,2024-06-22,96.61
S0255,David,16,Female,Delhi,Science Club,Q4-2024,74,81,2024-03-10,70.46
S0256,Elizabeth,16,Female,Bengaluru,Coding Basics,Q4-2024,88,93,2024-02-07,74.83
S0257,Erica,15,Male,Hyderabad,Coding Advanced,Q2-2024,41,56,2025-03-20,66.1
S0258,Grant,14,Male,Bengaluru,Coding Advanced,Q4-2024,75,81,2024-07-04,90.53
S0259,Kevin,15,Other,Bengaluru,Science Club,Q2-2024,86,90,2024-06-17,65.6
S0260,Martha,16,Female,Mumbai,Coding Basics,Q1-2024,93,94,2023-12-11,90.57
S0261,Justin,15,Male,Mumbai,Coding Basics,Q2-2024,40,53,2024-03-17,62.42
S0262,Kristi,17,Other,Hyderabad,Science Club,Q4-2024,41,40,2024-08-02,60.67
S0263,Diana,17,Female,Hyderabad,Math Explorers,Q1-2024,72,92,2024-04-14,64.28
S0264,Scott,12,Other,Mumbai,Coding Advanced,Q2-2024,79,73,2024-09-24,70.69
S0265,Jason,15,Male,Delhi,Science Club,Q4-2024,76,55,2024-04-20,87.36
S0266,Laura,18,Male,Pune,Coding Basics,Q4-2024,64,64,2024-12-27,85.47
S0267,Jill,17,Male,Pune,Science Club,Q4-2024,81,90,2024-09-11,95.79
S0268,Christopher,12,Male,Mumbai,Science Club,Q3-2024,42,99,2024-05-23,95.97
S0269,Elizabeth,16,Other,Pune,Coding Advanced,Q3-2024,41,53,2024-08-11,97.15
S0270,Matthew,14,Male,Hyderabad,Coding Advanced,Q4-2024,83,97,2025-01-13,90.22
S0271,Stephanie,13,Other,Pune,Math Explorers,Q1-2024,46,67,2023-10-18,73.62
S0272,Emily,18,Other,Hyderabad,Science Club,Q3-2024,41,80,2023-10-10,79.62
S0273,Lindsay,14,Other,Bengaluru,Science Club,Q2-2024,83,77,2023-08-11,90.89
S0274,Andrew,14,Male,Pune,Coding Basics,Q3-2024,49,64,2023-10-26,72.67
S0275,Tracey,12,Male,Pune,Math Explorers,Q4-2024,63,88,2024-08-05,65.3
S0276,Melissa,13,Female,Bengaluru,Science Club,Q1-2024,41,45,2023-06-14,83.88
S0277,Stanley,18,Female,Bengaluru,Coding Basics,Q3-2024,66,64,2025-03-07,82.88
S0278,Crystal,13,Other,Bengaluru,Coding Advanced,Q2-2024,57,59,2023-09-17,65.84
S0279,Jennifer,13,Female,Delhi,Science Club,Q3-2024,70,90,2024-02-11,70.07
S0280,Troy,13,Other,Bengaluru,Coding Advanced,Q4-2024,46,48,2023-10-25,97.95
S0281,Dylan,14,Other,Bengaluru,Math Explorers,Q4-2024,61,67,2024-10-04,72.83
S0282,Adam,17,Male,Bengaluru,Math Explorers,Q2-2024,65,60,2024-11-22,98.71
S0283,Michelle,18,Male,Delhi,Science Club,Q3-2024,92,90,2025-03-06,64.56
S0284,Daniel,16,Male,Hyderabad,Coding Advanced,Q1-2024,100,86,2024-03-14,77.54
S0285,Jeffery,14,Other,Pune,Science Club,Q4-2024,48,80,2025-01-02,70.11
S0286,Susan,13,Other,Bengaluru,Science Club,Q1-2024,68,78,2024-05-25,81.37
S0287,Steven,18,Other,Bengaluru,Coding Basics,Q3-2024,84,97,2024-06-24,90.76
S0288,John,17,Other,Delhi,Coding Advanced,Q1-2024,76,81,2025-02-05,98.63
S0289,David,15,Male,Pune,Coding Basics,Q3-2024,54,72,2023-07-31,74.96
S0290,Laurie,15,Other,Hyderabad,Coding Advanced,Q3-2024,41,70,2024-09-18,76.64
S0291,Amanda,12,Male,Mumbai,Math Explorers,Q3-2024,61,69,2024-06-26,73.93
S0292,Caitlin,12,Female,Bengaluru,Math Explorers,Q1-2024,59,42,2024-11-25,93.97
S0293,Patricia,17,Male,Mumbai,Coding Advanced,Q2-2024,75,50,2024-08-06,98.34
S0294,Lisa,13,Female,Mumbai,Coding Advanced,Q4-2024,65,41,2025-03-11,83.69
S0295,William,15,Male,Mumbai,Coding Advanced,Q3-2024,88,85,2025-01-23,91.98
S0296,Rebecca,16,Male,Delhi,Math Explorers,Q2-2024,69,47,2024-03-30,81.11
S0297,Phyllis,17,Female,Hyderabad,Science Club,Q4-2024,77,47,2024-11-16,93.82
S0298,Michelle,16,Male,Delhi,Coding Basics,Q2-2024,60,47,2024-04-02,64.68
S0299,Jonathon,14,Other,Mumbai,Science Club,Q4-2024,78,48,2023-10-28,67.43
S0300,Mary,17,Other,Mumbai,Coding Advanced,Q4-2024,58,48,2023-11-20,93.68
S0301,Katie,16,Male,Delhi,Coding Basics,Q4-2024,48,52,2024-05-27,76.37
S0302,Todd,15,Female,Bengaluru,Science Club,Q2-2024,45,76,2023-10-21,71.68
S0303,Joshua,14,Male,Hyderabad,Math Explorers,Q2-2024,89,69,2023-06-18,82.91
S0304,Jennifer,14,Other,Delhi,Coding Basics,Q4-2024,74,53,2023-10-18,89.44
S0305,Joseph,17,Male,Delhi,Coding Basics,Q4-2024,56,62,2023-12-23,94.61
S0306,Patricia,12,Male,Mumbai,Math Explorers,Q4-2024,50,79,2023-06-20,92.54
S0307,Devon,18,Male,Hyderabad,Math Explorers,Q3-2024,78,74,2023-10-15,99.16
S0308,Patrick,14,Female,Hyderabad,Math Explorers,Q1-2024,48,88,2023-08-15,99.7
S0309,Jasmine,18,Other,Mumbai,Coding Advanced,Q2-2024,49,85,2023-06-07,90.46
S0310,Robert,17,Female,Bengaluru,Coding Advanced,Q3-2024,80,66,2024-01-01,63.02
S0311,Amy,18,Male,Bengaluru,Math Explorers,Q3-2024,69,100,2024-03-06,83.28
S0312,Bryan,18,Other,Pune,Science Club,Q3-2024,94,44,2025-01-24,98.73
S0313,Robert,18,Male,Bengaluru,Math Explorers,Q3-2024,93,58,2025-03-21,82.65
S0314,Kayla,15,Female,Pune,Coding Basics,Q1-2024,80,90,2024-10-10,64.97
S0315,Andrew,18,Male,Bengaluru,Science Club,Q1-2024,67,52,2025-03-03,66.36
S0316,Kathy,14,Male,Delhi,Math Explorers,Q1-2024,63,82,2024-02-08,75.85
S0317,Thomas,14,Other,Mumbai,Science Club,Q1-2024,85,46,2024-01-17,79.07
S0318,Kenneth,13,Other,Mumbai,Science Club,Q1-2024,40,84,2024-02-15,99.53
S0319,Melissa,15,Other,Mumbai,Science Club,Q1-2024,54,64,2025-01-27,64.13
S0320,Robert,14,Female,Mumbai,Science Club,Q2-2024,81,83,2024-11-19,81.22
S0321,Jessica,12,Other,Mumbai,Science Club,Q3-2024,86,53,2024-12-30,84.64
S0322,Carrie,15,Male,Pune,Coding Basics,Q2-2024,88,47,2023-10-07,98.53
S0323,Tracy,14,Male,Mumbai,Math Explorers,Q1-2024,55,75,2023-11-16,93.92
S0324,Ryan,17,Female,Mumbai,Coding Advanced,Q4-2024,58,81,2023-05-11,79.8
S0325,Paul,12,Male,Bengaluru,Coding Basics,Q1-2024,63,99,2024-09-19,75.47
S0326,Erin,18,Other,Bengaluru,Math Explorers,Q2-2024,88,70,2024-02-27,83.49
S0327,Jennifer,12,Female,Mumbai,Coding Basics,Q1-2024,100,90,2025-01-30,85.14
S0328,Tanner,16,Female,Bengaluru,Science Club,Q1-2024,80,74,2023-07-27,63.34
S0329,Tina,12,Other,Mumbai,Coding Advanced,Q3-2024,65,77,2024-06-06,87.95
S0330,Anthony,17,Male,Pune,Coding Advanced,Q1-2024,99,67,2024-02-19,84.49
S0331,Brittany,12,Female,Mumbai,Coding Basics,Q1-2024,85,48,2024-09-14,79.86
S0332,Anthony,14,Other,Hyderabad,Math Explorers,Q2-2024,63,48,2024-08-30,90.86
S0333,Roy,12,Female,Bengaluru,Math Explorers,Q1-2024,56,85,2025-02-20,78.21
S0334,Steven,14,Male,Bengaluru,Coding Advanced,Q3-2024,50,56,2023-05-28,69.14
S0335,Jorge,16,Male,Pune,Coding Basics,Q2-2024,42,70,2023-12-29,96.81
S0336,Jason,13,Male,Hyderabad,Science Club,Q2-2024,60,55,2023-12-28,70.85
S0337,Matthew,12,Other,Delhi,Coding Basics,Q1-2024,51,54,2025-03-02,62.76
S0338,Nicholas,15,Female,Delhi,Math Explorers,Q1-2024,75,69,2024-11-23,68.03
S0339,Stephanie,16,Female,Hyderabad,Coding Advanced,Q4-2024,63,77,2024-03-11,89.3
S0340,Johnny,16,Male,Mumbai,Coding Basics,Q4-2024,41,54,2023-06-21,98.04
S0341,Thomas,12,Other,Bengaluru,Math Explorers,Q1-2024,53,73,2024-11-20,79.68
S0342,Amber,12,Male,Delhi,Coding Basics,Q1-2024,98,54,2024-01-15,78.34
S0343,Jeffrey,17,Male,Hyderabad,Coding Basics,Q2-2024,80,92,2023-06-11,83.68
S0344,Kimberly,12,Female,Mumbai,Coding Advanced,Q3-2024,56,94,2024-09-06,88.03
S0345,Billy,17,Female,Delhi,Science Club,Q3-2024,54,44,2023-05-13,91.2
S0346,Stefanie,16,Male,Mumbai,Coding Basics,Q2-2024,68,69,2023-09-20,64.83
S0347,Mary,14,Male,Bengaluru,Math Explorers,Q4-2024,56,94,2024-08-13,66.3
S0348,Elijah,17,Female,Hyderabad,Coding Basics,Q2-2024,93,94,2023-07-26,63.65
S0349,Thomas,13,Female,Bengaluru,Coding Basics,Q3-2024,56,92,2023-07-16,98.08
S0350,Anne,18,Female,Hyderabad,Coding Advanced,Q1-2024,69,46,2023-10-05,60.48
S0351,Steven,18,Male,Mumbai,Coding Advanced,Q4-2024,63,83,2023-11-04,96.7
S0352,Katie,12,Male,Pune,Coding Advanced,Q4-2024,91,48,2023-08-27,64.9
S0353,Catherine,15,Male,Mumbai,Science Club,Q4-2024,71,41,2024-11-19,66.91
S0354,Jennifer,13,Male,Delhi,Math Explorers,Q4-2024,96,49,2024-12-13,85.89
S0355,Lori,15,Female,Hyderabad,Science Club,Q1-2024,45,57,2023-12-16,76.77
S0356,Daniel,17,Other,Mumbai,Coding Basics,Q4-2024,90,85,2023-05-08,81.78
S0357,Sarah,15,Female,Hyderabad,Math Explorers,Q4-2024,57,51,2024-07-09,83.88
S0358,Erica,12,Female,Pune,Science Club,Q3-2024,89,77,2024-02-04,64.01
S0359,Randy,17,Male,Delhi,Coding Basics,Q2-2024,76,94,2024-10-25,97.41
S0360,James,18,Male,Mumbai,Coding Advanced,Q3-2024,91,87,2024-07-21,88.14
S0361,Hannah,14,Other,Hyderabad,Coding Advanced,Q2-2024,93,91,2024-08-18,67.02
S0362,John,12,Male,Pune,Coding Advanced,Q2-2024,41,73,2024-10-11,73.27
S0363,Kendra,16,Male,Mumbai,Math Explorers,Q2-2024,98,91,2025-02-07,60.88
S0364,Gabrielle,16,Other,Mumbai,Coding Basics,Q3-2024,44,63,2025-01-03,73.46
S0365,David,14,Male,Mumbai,Science Club,Q4-2024,81,60,2024-07-01,68.93
S0366,Kimberly,16,Male,Bengaluru,Math Explorers,Q3-2024,48,51,2024-01-13,94.03
S0367,Amanda,18,Other,Pune,Coding Advanced,Q3-2024,98,91,2024-09-13,97.47
S0368,Mitchell,13,Female,Pune,Coding Advanced,Q3-2024,60,50,2024-05-15,77.87
S0369,Deborah,14,Male,Mumbai,Coding Basics,Q3-2024,56,90,2023-04-28,61.93
S0370,Melissa,15,Other,Bengaluru,Coding Advanced,Q4-2024,71,96,2025-01-16,81.84
S0371,Tracy,12,Female,Hyderabad,Coding Advanced,Q2-2024,68,44,2024-03-20,60.8
S0372,Susan,14,Male,Pune,Math Explorers,Q2-2024,96,64,2024-08-24,81.88
S0373,Patricia,12,Female,Hyderabad,Science Club,Q1-2024,67,100,2024-04-10,66.28
S0374,Jasmine,12,Female,Mumbai,Coding Advanced,Q4-2024,84,75,2024-03-22,71.9
S0375,Gregory,12,Male,Bengaluru,Science Club,Q2-2024,43,63,2024-05-28,63.51
S0376,Tammy,18,Other,Hyderabad,Science Club,Q2-2024,46,41,2023-11-14,85.53
S0377,Christina,12,Female,Pune,Math Explorers,Q4-2024,70,71,2025-04-02,85.67
S0378,Amanda,15,Male,Delhi,Science Club,Q3-2024,51,68,2024-04-28,77.59
S0379,Steven,14,Male,Delhi,Coding Basics,Q2-2024,88,84,2025-01-19,86.73
S0380,Jessica,18,Other,Bengaluru,Coding Advanced,Q1-2024,93,64,2023-11-13,82.91
S0381,Marcus,13,Female,Delhi,Coding Basics,Q4-2024,97,94,2023-10-26,64.81
S0382,Mariah,18,Female,Mumbai,Coding Advanced,Q2-2024,91,52,2023-06-25,76.93
S0383,Joshua,17,Female,Mumbai,Coding Advanced,Q3-2024,60,98,2024-04-03,75.52
S0384,John,15,Other,Delhi,Math Explorers,Q4-2024,98,95,2024-04-13,64.5
S0385,Ashley,13,Male,Hyderabad,Coding Basics,Q1-2024,76,89,2024-09-18,94.7
S0386,Nicholas,14,Female,Delhi,Science Club,Q4-2024,76,78,2023-05-11,66.89
S0387,Troy,15,Male,Hyderabad,Science Club,Q1-2024,65,96,2023-12-27,61.97
S0388,Hunter,15,Female,Delhi,Coding Basics,Q3-2024,92,90,2023-09-30,71.21
S0389,Michael,15,Other,Pune,Coding Advanced,Q2-2024,59,87,2023-11-05,70.78
S0390,Matthew,15,Other,Pune,Coding Advanced,Q4-2024,53,98,2025-03-02,90.38
S0391,Caitlyn,18,Female,Pune,Coding Advanced,Q1-2024,59,85,2025-03-02,91.22
S0392,Joshua,16,Other,Pune,Coding Advanced,Q2-2024,96,93,2023-04-26,69.98
S0393,Zachary,15,Male,Delhi,Coding Advanced,Q3-2024,63,92,2023-09-14,85.42
S0394,Christopher,12,Other,Pune,Coding Advanced,Q3-2024,71,78,2024-10-29,98.42
S0395,Richard,15,Other,Hyderabad,Math Explorers,Q3-2024,50,93,2024-06-23,71.4
S0396,Katherine,15,Male,Mumbai,Coding Advanced,Q2-2024,81,54,2024-10-06,86.06
S0397,Thomas,16,Male,Pune,Science Club,Q2-2024,81,51,2024-10-22,70.1
S0398,Travis,18,Female,Delhi,Science Club,Q4-2024,94,62,2024-12-24,68.73
S0399,Andre,14,Other,Hyderabad,Science Club,Q1-2024,40,72,2023-12-03,71.94
S0400,Jeffrey,12,Female,Pune,Math Explorers,Q3-2024,80,60,2024-10-07,86.24
S0401,John,17,Female,Mumbai,Coding Advanced,Q2-2024,97,43,2024-09-15,87.23
S0402,Bonnie,17,Male,Bengaluru,Math Explorers,Q3-2024,98,66,2024-04-20,89.47
S0403,Angela,16,Other,Hyderabad,Coding Advanced,Q3-2024,86,85,2024-01-11,96.26
S0404,Ronald,17,Female,Hyderabad,Math Explorers,Q2-2024,93,82,2024-11-18,63.9
S0405,Andrea,13,Other,Delhi,Coding Advanced,Q3-2024,81,45,2024-01-17,68.93
S0406,Jacqueline,18,Female,Bengaluru,Math Explorers,Q3-2024,56,77,2023-11-15,94.05
S0407,Kristopher,15,Male,Hyderabad,Coding Basics,Q4-2024,96,52,2023-10-15,81.19
S0408,David,15,Male,Mumbai,Coding Advanced,Q2-2024,61,66,2023-09-15,72.66
S0409,Leslie,17,Male,Pune,Science Club,Q3-2024,80,51,2024-11-16,60.19
S0410,Amanda,14,Male,Mumbai,Coding Advanced,Q4-2024,90,88,2024-12-01,84.58
S0411,Hannah,17,Female,Bengaluru,Science Club,Q4-2024,64,40,2023-09-14,89.23
S0412,Javier,12,Female,Hyderabad,Coding Advanced,Q1-2024,83,40,2024-04-29,87.74
S0413,Joshua,14,Female,Mumbai,Coding Basics,Q4-2024,72,77,2024-07-19,62.61
S0414,Tiffany,12,Female,Delhi,Science Club,Q3-2024,67,96,2024-05-30,99.85
S0415,Candice,15,Female,Mumbai,Coding Advanced,Q4-2024,41,54,2023-07-06,68.45
S0416,Marissa,12,Other,Hyderabad,Coding Advanced,Q1-2024,63,85,2023-12-05,95.06
S0417,Jeremy,14,Other,Hyderabad,Coding Basics,Q1-2024,82,46,2023-09-05,87.59
S0418,Kevin,15,Female,Bengaluru,Coding Basics,Q3-2024,70,84,2024-10-19,87.81
S0419,Amanda,17,Male,Delhi,Science Club,Q1-2024,82,73,2023-11-18,76.75
S0420,Brandon,12,Other,Hyderabad,Coding Basics,Q3-2024,47,90,2023-05-31,67.95
S0421,Angela,13,Female,Hyderabad,Coding Advanced,Q3-2024,85,66,2024-10-11,61.58
S0422,Sherry,15,Male,Bengaluru,Math Explorers,Q2-2024,40,40,2024-08-26,93.41
S0423,Miranda,17,Female,Mumbai,Coding Basics,Q1-2024,86,86,2024-05-04,85.77
S0424,Curtis,15,Female,Delhi,Science Club,Q1-2024,46,92,2023-04-28,94.09
S0425,Audrey,14,Other,Delhi,Science Club,Q1-2024,46,94,2024-04-17,94.08
S0426,Timothy,17,Other,Mumbai,Math Explorers,Q3-2024,97,68,2024-01-08,74.9
S0427,Jack,14,Male,Pune,Science Club,Q4-2024,69,57,2023-05-28,92.0
S0428,Johnny,17,Male,Pune,Coding Advanced,Q1-2024,100,94,2025-02-16,76.64
S0429,Tim,16,Female,Hyderabad,Science Club,Q2-2024,79,64,2025-01-16,94.5
S0430,Cameron,18,Other,Mumbai,Science Club,Q4-2024,47,96,2024-05-04,61.84
S0431,Charles,14,Other,Delhi,Coding Basics,Q2-2024,82,95,2024-08-19,77.31
S0432,Glenda,17,Male,Bengaluru,Math Explorers,Q4-2024,49,93,2023-08-14,85.74
S0433,Edward,13,Other,Bengaluru,Science Club,Q2-2024,44,88,2024-06-29,69.64
S0434,Stacy,14,Male,Hyderabad,Coding Advanced,Q4-2024,65,92,2023-06-24,78.36
S0435,Victoria,18,Other,Bengaluru,Coding Basics,Q4-2024,68,60,2023-07-20,89.81
S0436,Angela,12,Male,Bengaluru,Science Club,Q1-2024,75,75,2024-03-07,91.67
S0437,Catherine,16,Other,Delhi,Coding Advanced,Q4-2024,100,61,2024-12-23,92.66
S0438,Christine,18,Female,Delhi,Science Club,Q3-2024,85,68,2024-12-11,90.37
S0439,Alexandra,13,Male,Delhi,Math Explorers,Q3-2024,75,73,2024-04-02,61.83
S0440,Rebekah,13,Female,Mumbai,Science Club,Q1-2024,56,79,2023-12-05,64.83
S0441,Michelle,18,Female,Mumbai,Science Club,Q2-2024,85,61,2024-03-17,61.86
S0442,Kevin,17,Other,Hyderabad,Coding Basics,Q4-2024,69,82,2024-08-13,60.17
S0443,Brian,17,Male,Hyderabad,Science Club,Q4-2024,99,72,2024-11-13,89.22
S0444,Cory,13,Male,Bengaluru,Math Explorers,Q4-2024,66,78,2024-12-01,75.91
S0445,Jared,14,Female,Bengaluru,Coding Advanced,Q2-2024,66,78,2023-09-29,88.47
S0446,Joseph,16,Other,Mumbai,Coding Advanced,Q2-2024,79,85,2023-06-21,96.85
S0447,Eric,13,Other,Mumbai,Math Explorers,Q1-2024,88,62,2023-09-01,86.97
S0448,Andrea,18,Other,Delhi,Science Club,Q1-2024,73,46,2023-08-18,65.81
S0449,Aaron,17,Male,Mumbai,Math Explorers,Q2-2024,58,83,2024-04-02,93.58
S0450,Hannah,17,Female,Mumbai,Coding Basics,Q3-2024,92,68,2024-04-17,89.7
S0451,Kelly,16,Female,Mumbai,Math Explorers,Q1-2024,99,64,2023-10-15,98.27
S0452,Keith,17,Female,Hyderabad,Coding Basics,Q1-2024,87,56,2023-11-24,93.2
S0453,Jacqueline,17,Other,Delhi,Coding Advanced,Q2-2024,58,68,2024-04-05,67.48
S0454,Charles,13,Other,Hyderabad,Coding Basics,Q4-2024,42,67,2023-10-17,65.2
S0455,Sandra,16,Female,Pune,Math Explorers,Q4-2024,85,99,2024-12-20,66.15
S0456,Kylie,14,Other,Pune,Math Explorers,Q4-2024,90,76,2024-07-20,91.36
S0457,Donna,14,Other,Mumbai,Coding Advanced,Q1-2024,90,72,2025-04-13,81.72
S0458,James,15,Male,Delhi,Coding Advanced,Q2-2024,82,61,2023-07-17,71.74
S0459,Amy,18,Other,Hyderabad,Science Club,Q1-2024,47,82,2024-09-03,69.61
S0460,Edward,17,Other,Hyderabad,Coding Advanced,Q1-2024,83,96,2023-11-11,96.64
S0461,Margaret,12,Female,Delhi,Math Explorers,Q1-2024,98,73,2023-06-13,79.47
S0462,Brian,14,Other,Mumbai,Math Explorers,Q1-2024,100,46,2024-12-24,85.08
S0463,Kyle,13,Other,Mumbai,Science Club,Q1-2024,53,74,2024-11-20,89.88
S0464,Madison,13,Male,Bengaluru,Math Explorers,Q1-2024,45,44,2025-04-03,91.77
S0465,Keith,16,Male,Hyderabad,Coding Advanced,Q3-2024,66,64,2023-07-24,77.32
S0466,Taylor,12,Female,Pune,Coding Basics,Q1-2024,88,87,2023-12-11,74.31
S0467,Holly,16,Male,Delhi,Math Explorers,Q1-2024,58,88,2023-11-16,75.8
S0468,Vincent,17,Male,Bengaluru,Coding Advanced,Q2-2024,48,87,2024-05-06,98.41
S0469,Samuel,13,Female,Delhi,Coding Basics,Q2-2024,47,42,2024-07-26,81.49
S0470,Bill,12,Female,Mumbai,Math Explorers,Q2-2024,66,97,2024-03-19,67.36
S0471,Jessica,16,Female,Mumbai,Coding Basics,Q2-2024,82,91,2024-07-30,85.79
S0472,John,12,Female,Pune,Math Explorers,Q1-2024,52,86,2023-06-28,74.29
S0473,Jeremy,17,Other,Mumbai,Coding Basics,Q3-2024,79,44,2024-09-23,79.43
S0474,Mary,14,Other,Delhi,Coding Advanced,Q3-2024,91,60,2024-07-08,60.19
S0475,Brenda,13,Male,Bengaluru,Math Explorers,Q3-2024,48,83,2023-05-05,78.51
S0476,Yvonne,14,Female,Bengaluru,Coding Basics,Q2-2024,81,78,2024-09-22,94.35
S0477,Lori,13,Other,Mumbai,Math Explorers,Q1-2024,86,44,2024-07-09,92.51
S0478,Billy,16,Female,Hyderabad,Coding Advanced,Q1-2024,75,56,2024-11-26,74.63
S0479,Gregory,13,Other,Delhi,Coding Advanced,Q4-2024,72,72,2024-05-26,74.55
S0480,Denise,12,Other,Mumbai,Coding Advanced,Q2-2024,68,50,2025-03-30,89.44
S0481,Joshua,15,Female,Pune,Coding Advanced,Q4-2024,54,44,2024-07-16,69.36
S0482,Ryan,17,Male,Hyderabad,Math Explorers,Q4-2024,70,98,2025-01-10,61.6
S0483,Travis,17,Female,Pune,Math Explorers,Q3-2024,77,74,2023-06-28,86.15
S0484,Theodore,14,Other,Pune,Math Explorers,Q4-2024,98,54,2024-03-01,92.69
S0485,Mathew,14,Female,Bengaluru,Coding Basics,Q2-2024,68,50,2024-09-20,80.58
S0486,Daniel,14,Male,Mumbai,Coding Advanced,Q2-2024,63,78,2023-08-21,76.58
S0487,Mark,14,Other,Pune,Science Club,Q4-2024,70,53,2024-10-08,60.9
S0488,Tyler,12,Male,Hyderabad,Coding Advanced,Q2-2024,80,72,2024-09-14,62.24
S0489,Sierra,14,Male,Hyderabad,Science Club,Q1-2024,96,86,2025-01-09,68.66
S0490,Kathleen,16,Female,Bengaluru,Coding Advanced,Q2-2024,93,66,2023-05-17,84.93
S0491,Shawn,16,Female,Mumbai,Math Explorers,Q4-2024,78,77,2023-12-19,75.13
S0492,Johnny,13,Male,Pune,Coding Advanced,Q4-2024,92,49,2023-07-18,79.03
S0493,Tara,16,Other,Pune,Coding Basics,Q1-2024,70,82,2024-02-26,95.88
S0494,Michelle,18,Other,Bengaluru,Science Club,Q3-2024,95,42,2025-01-18,97.54
S0495,Vanessa,15,Female,Delhi,Coding Basics,Q4-2024,48,56,2024-09-10,96.4
S0496,Molly,12,Female,Hyderabad,Science Club,Q3-2024,52,40,2024-04-11,80.79
S0497,Robert,15,Other,Mumbai,Math Explorers,Q4-2024,63,46,2023-09-11,86.06
S0498,April,14,Female,Hyderabad,Science Club,Q3-2024,79,57,2024-08-14,76.53
S0499,Katherine,18,Other,Bengaluru,Coding Advanced,Q3-2024,75,75,2024-08-16,99.54
S0500,Scott,16,Female,Bengaluru,Coding Advanced,Q1-2024,87,54,2023-05-29,64.01
